"LOCATION","INDICATOR","SUBJECT","MEASURE","FREQUENCY","TIME","Value","Flag Codes"
"AUS","PPP","TOT","NATUSD","A","2000",1.311102,
"AUS","PPP","TOT","NATUSD","A","2001",1.327469,
"AUS","PPP","TOT","NATUSD","A","2002",1.33649,
"AUS","PPP","TOT","NATUSD","A","2003",1.355927,
"AUS","PPP","TOT","NATUSD","A","2004",1.36494,
"AUS","PPP","TOT","NATUSD","A","2005",1.388356,
"AUS","PPP","TOT","NATUSD","A","2006",1.4029,
"AUS","PPP","TOT","NATUSD","A","2007",1.426944,
"AUS","PPP","TOT","NATUSD","A","2008",1.479073,
"AUS","PPP","TOT","NATUSD","A","2009",1.441762,
"AUS","PPP","TOT","NATUSD","A","2010",1.501319,
"AUS","PPP","TOT","NATUSD","A","2011",1.511052,
"AUS","PPP","TOT","NATUSD","A","2012",1.540115,
"AUS","PPP","TOT","NATUSD","A","2013",1.447123,
"AUS","PPP","TOT","NATUSD","A","2014",1.452489,
"AUS","PPP","TOT","NATUSD","A","2015",1.470809,
"AUS","PPP","TOT","NATUSD","A","2016",1.485521,
"AUS","PPP","TOT","NATUSD","A","2017",1.516225,
"AUT","PPP","TOT","NATUSD","A","2000",0.907639,
"AUT","PPP","TOT","NATUSD","A","2001",0.922015,
"AUT","PPP","TOT","NATUSD","A","2002",0.899797,
"AUT","PPP","TOT","NATUSD","A","2003",0.889213,
"AUT","PPP","TOT","NATUSD","A","2004",0.878564,
"AUT","PPP","TOT","NATUSD","A","2005",0.881939,
"AUT","PPP","TOT","NATUSD","A","2006",0.860806,
"AUT","PPP","TOT","NATUSD","A","2007",0.869168,
"AUT","PPP","TOT","NATUSD","A","2008",0.854424,
"AUT","PPP","TOT","NATUSD","A","2009",0.84371,
"AUT","PPP","TOT","NATUSD","A","2010",0.841437,
"AUT","PPP","TOT","NATUSD","A","2011",0.831374,
"AUT","PPP","TOT","NATUSD","A","2012",0.813648,
"AUT","PPP","TOT","NATUSD","A","2013",0.797081,
"AUT","PPP","TOT","NATUSD","A","2014",0.798797,
"AUT","PPP","TOT","NATUSD","A","2015",0.799058,
"AUT","PPP","TOT","NATUSD","A","2016",0.80042,
"AUT","PPP","TOT","NATUSD","A","2017",0.798475,
"BEL","PPP","TOT","NATUSD","A","2000",0.900133,
"BEL","PPP","TOT","NATUSD","A","2001",0.891514,
"BEL","PPP","TOT","NATUSD","A","2002",0.8733,
"BEL","PPP","TOT","NATUSD","A","2003",0.877144,
"BEL","PPP","TOT","NATUSD","A","2004",0.888818,
"BEL","PPP","TOT","NATUSD","A","2005",0.891788,
"BEL","PPP","TOT","NATUSD","A","2006",0.875063,
"BEL","PPP","TOT","NATUSD","A","2007",0.879975,
"BEL","PPP","TOT","NATUSD","A","2008",0.86694,
"BEL","PPP","TOT","NATUSD","A","2009",0.850088,
"BEL","PPP","TOT","NATUSD","A","2010",0.835824,
"BEL","PPP","TOT","NATUSD","A","2011",0.831911,
"BEL","PPP","TOT","NATUSD","A","2012",0.822137,
"BEL","PPP","TOT","NATUSD","A","2013",0.806166,
"BEL","PPP","TOT","NATUSD","A","2014",0.800214,
"BEL","PPP","TOT","NATUSD","A","2015",0.801323,
"BEL","PPP","TOT","NATUSD","A","2016",0.803617,
"BEL","PPP","TOT","NATUSD","A","2017",0.808339,
"CAN","PPP","TOT","NATUSD","A","2000",1.227561,
"CAN","PPP","TOT","NATUSD","A","2001",1.220112,
"CAN","PPP","TOT","NATUSD","A","2002",1.229333,
"CAN","PPP","TOT","NATUSD","A","2003",1.226255,
"CAN","PPP","TOT","NATUSD","A","2004",1.232587,
"CAN","PPP","TOT","NATUSD","A","2005",1.213644,
"CAN","PPP","TOT","NATUSD","A","2006",1.205336,
"CAN","PPP","TOT","NATUSD","A","2007",1.213055,
"CAN","PPP","TOT","NATUSD","A","2008",1.23439,
"CAN","PPP","TOT","NATUSD","A","2009",1.201517,
"CAN","PPP","TOT","NATUSD","A","2010",1.221134,
"CAN","PPP","TOT","NATUSD","A","2011",1.239904,
"CAN","PPP","TOT","NATUSD","A","2012",1.244607,
"CAN","PPP","TOT","NATUSD","A","2013",1.224,
"CAN","PPP","TOT","NATUSD","A","2014",1.230358,
"CAN","PPP","TOT","NATUSD","A","2015",1.246954,
"CAN","PPP","TOT","NATUSD","A","2016",1.252341,
"CAN","PPP","TOT","NATUSD","A","2017",1.260086,
"CZE","PPP","TOT","NATUSD","A","2000",14.332718,
"CZE","PPP","TOT","NATUSD","A","2001",14.308398,
"CZE","PPP","TOT","NATUSD","A","2002",14.458321,
"CZE","PPP","TOT","NATUSD","A","2003",14.192708,
"CZE","PPP","TOT","NATUSD","A","2004",14.434114,
"CZE","PPP","TOT","NATUSD","A","2005",14.562493,
"CZE","PPP","TOT","NATUSD","A","2006",14.42765,
"CZE","PPP","TOT","NATUSD","A","2007",14.275037,
"CZE","PPP","TOT","NATUSD","A","2008",13.916713,
"CZE","PPP","TOT","NATUSD","A","2009",13.638086,
"CZE","PPP","TOT","NATUSD","A","2010",13.659782,
"CZE","PPP","TOT","NATUSD","A","2011",13.345305,
"CZE","PPP","TOT","NATUSD","A","2012",13.297699,
"CZE","PPP","TOT","NATUSD","A","2013",12.785271,
"CZE","PPP","TOT","NATUSD","A","2014",12.70321,
"CZE","PPP","TOT","NATUSD","A","2015",13.020574,
"CZE","PPP","TOT","NATUSD","A","2016",13.000021,
"CZE","PPP","TOT","NATUSD","A","2017",12.897748,
"DNK","PPP","TOT","NATUSD","A","2000",8.671479,
"DNK","PPP","TOT","NATUSD","A","2001",8.683539,
"DNK","PPP","TOT","NATUSD","A","2002",8.561606,
"DNK","PPP","TOT","NATUSD","A","2003",8.658039,
"DNK","PPP","TOT","NATUSD","A","2004",8.464509,
"DNK","PPP","TOT","NATUSD","A","2005",8.569438,
"DNK","PPP","TOT","NATUSD","A","2006",8.294639,
"DNK","PPP","TOT","NATUSD","A","2007",8.171752,
"DNK","PPP","TOT","NATUSD","A","2008",7.944128,
"DNK","PPP","TOT","NATUSD","A","2009",7.730936,
"DNK","PPP","TOT","NATUSD","A","2010",7.584051,
"DNK","PPP","TOT","NATUSD","A","2011",7.466492,
"DNK","PPP","TOT","NATUSD","A","2012",7.564136,
"DNK","PPP","TOT","NATUSD","A","2013",7.354846,
"DNK","PPP","TOT","NATUSD","A","2014",7.328674,
"DNK","PPP","TOT","NATUSD","A","2015",7.327533,
"DNK","PPP","TOT","NATUSD","A","2016",7.356401,
"DNK","PPP","TOT","NATUSD","A","2017",7.356282,
"FIN","PPP","TOT","NATUSD","A","2000",0.984143,
"FIN","PPP","TOT","NATUSD","A","2001",1.001685,
"FIN","PPP","TOT","NATUSD","A","2002",0.998133,
"FIN","PPP","TOT","NATUSD","A","2003",1.003181,
"FIN","PPP","TOT","NATUSD","A","2004",0.973749,
"FIN","PPP","TOT","NATUSD","A","2005",0.979424,
"FIN","PPP","TOT","NATUSD","A","2006",0.95373,
"FIN","PPP","TOT","NATUSD","A","2007",0.935882,
"FIN","PPP","TOT","NATUSD","A","2008",0.912125,
"FIN","PPP","TOT","NATUSD","A","2009",0.896479,
"FIN","PPP","TOT","NATUSD","A","2010",0.899671,
"FIN","PPP","TOT","NATUSD","A","2011",0.898068,
"FIN","PPP","TOT","NATUSD","A","2012",0.908495,
"FIN","PPP","TOT","NATUSD","A","2013",0.905357,
"FIN","PPP","TOT","NATUSD","A","2014",0.90721,
"FIN","PPP","TOT","NATUSD","A","2015",0.909225,
"FIN","PPP","TOT","NATUSD","A","2016",0.905179,
"FIN","PPP","TOT","NATUSD","A","2017",0.897446,
"FRA","PPP","TOT","NATUSD","A","2000",0.930388,
"FRA","PPP","TOT","NATUSD","A","2001",0.910809,
"FRA","PPP","TOT","NATUSD","A","2002",0.900678,
"FRA","PPP","TOT","NATUSD","A","2003",0.930988,
"FRA","PPP","TOT","NATUSD","A","2004",0.935644,
"FRA","PPP","TOT","NATUSD","A","2005",0.916458,
"FRA","PPP","TOT","NATUSD","A","2006",0.895501,
"FRA","PPP","TOT","NATUSD","A","2007",0.889785,
"FRA","PPP","TOT","NATUSD","A","2008",0.881874,
"FRA","PPP","TOT","NATUSD","A","2009",0.862944,
"FRA","PPP","TOT","NATUSD","A","2010",0.853868,
"FRA","PPP","TOT","NATUSD","A","2011",0.841361,
"FRA","PPP","TOT","NATUSD","A","2012",0.844301,
"FRA","PPP","TOT","NATUSD","A","2013",0.811643,
"FRA","PPP","TOT","NATUSD","A","2014",0.807565,
"FRA","PPP","TOT","NATUSD","A","2015",0.813835,
"FRA","PPP","TOT","NATUSD","A","2016",0.805938,
"FRA","PPP","TOT","NATUSD","A","2017",0.798152,
"DEU","PPP","TOT","NATUSD","A","2000",0.943231,
"DEU","PPP","TOT","NATUSD","A","2001",0.928805,
"DEU","PPP","TOT","NATUSD","A","2002",0.913257,
"DEU","PPP","TOT","NATUSD","A","2003",0.896992,
"DEU","PPP","TOT","NATUSD","A","2004",0.875547,
"DEU","PPP","TOT","NATUSD","A","2005",0.872721,
"DEU","PPP","TOT","NATUSD","A","2006",0.848345,
"DEU","PPP","TOT","NATUSD","A","2007",0.838258,
"DEU","PPP","TOT","NATUSD","A","2008",0.820401,
"DEU","PPP","TOT","NATUSD","A","2009",0.811086,
"DEU","PPP","TOT","NATUSD","A","2010",0.804321,
"DEU","PPP","TOT","NATUSD","A","2011",0.788739,
"DEU","PPP","TOT","NATUSD","A","2012",0.787246,
"DEU","PPP","TOT","NATUSD","A","2013",0.774784,
"DEU","PPP","TOT","NATUSD","A","2014",0.768937,
"DEU","PPP","TOT","NATUSD","A","2015",0.779323,
"DEU","PPP","TOT","NATUSD","A","2016",0.780084,
"DEU","PPP","TOT","NATUSD","A","2017",0.778114,
"GRC","PPP","TOT","NATUSD","A","2000",0.669787,
"GRC","PPP","TOT","NATUSD","A","2001",0.667814,
"GRC","PPP","TOT","NATUSD","A","2002",0.662967,
"GRC","PPP","TOT","NATUSD","A","2003",0.685888,
"GRC","PPP","TOT","NATUSD","A","2004",0.694898,
"GRC","PPP","TOT","NATUSD","A","2005",0.708976,
"GRC","PPP","TOT","NATUSD","A","2006",0.693084,
"GRC","PPP","TOT","NATUSD","A","2007",0.719136,
"GRC","PPP","TOT","NATUSD","A","2008",0.707951,
"GRC","PPP","TOT","NATUSD","A","2009",0.704414,
"GRC","PPP","TOT","NATUSD","A","2010",0.721331,
"GRC","PPP","TOT","NATUSD","A","2011",0.713163,
"GRC","PPP","TOT","NATUSD","A","2012",0.684663,
"GRC","PPP","TOT","NATUSD","A","2013",0.631286,
"GRC","PPP","TOT","NATUSD","A","2014",0.611135,
"GRC","PPP","TOT","NATUSD","A","2015",0.610313,
"GRC","PPP","TOT","NATUSD","A","2016",0.603981,
"GRC","PPP","TOT","NATUSD","A","2017",0.593954,
"HUN","PPP","TOT","NATUSD","A","2000",110.088885,
"HUN","PPP","TOT","NATUSD","A","2001",114.297215,
"HUN","PPP","TOT","NATUSD","A","2002",118.141282,
"HUN","PPP","TOT","NATUSD","A","2003",122.155866,
"HUN","PPP","TOT","NATUSD","A","2004",128.453063,
"HUN","PPP","TOT","NATUSD","A","2005",130.929945,
"HUN","PPP","TOT","NATUSD","A","2006",131.610018,
"HUN","PPP","TOT","NATUSD","A","2007",134.219685,
"HUN","PPP","TOT","NATUSD","A","2008",131.005355,
"HUN","PPP","TOT","NATUSD","A","2009",127.687026,
"HUN","PPP","TOT","NATUSD","A","2010",126.297617,
"HUN","PPP","TOT","NATUSD","A","2011",124.271836,
"HUN","PPP","TOT","NATUSD","A","2012",125.623608,
"HUN","PPP","TOT","NATUSD","A","2013",124.979432,
"HUN","PPP","TOT","NATUSD","A","2014",129.414974,
"HUN","PPP","TOT","NATUSD","A","2015",133.364356,
"HUN","PPP","TOT","NATUSD","A","2016",135.170478,
"HUN","PPP","TOT","NATUSD","A","2017",137.576062,
"ISL","PPP","TOT","NATUSD","A","2000",84.735314,
"ISL","PPP","TOT","NATUSD","A","2001",88.210611,
"ISL","PPP","TOT","NATUSD","A","2002",91.105413,
"ISL","PPP","TOT","NATUSD","A","2003",92.717248,
"ISL","PPP","TOT","NATUSD","A","2004",93.338372,
"ISL","PPP","TOT","NATUSD","A","2005",95.840665,
"ISL","PPP","TOT","NATUSD","A","2006",101.725114,
"ISL","PPP","TOT","NATUSD","A","2007",107.483265,
"ISL","PPP","TOT","NATUSD","A","2008",114.527003,
"ISL","PPP","TOT","NATUSD","A","2009",121.972811,
"ISL","PPP","TOT","NATUSD","A","2010",132.762126,
"ISL","PPP","TOT","NATUSD","A","2011",135.152004,
"ISL","PPP","TOT","NATUSD","A","2012",136.96767,
"ISL","PPP","TOT","NATUSD","A","2013",137.022617,
"ISL","PPP","TOT","NATUSD","A","2014",138.547869,
"ISL","PPP","TOT","NATUSD","A","2015",142.233544,
"ISL","PPP","TOT","NATUSD","A","2016",144.105148,
"ISL","PPP","TOT","NATUSD","A","2017",139.862226,
"IRL","PPP","TOT","NATUSD","A","2000",0.943968,
"IRL","PPP","TOT","NATUSD","A","2001",0.968419,
"IRL","PPP","TOT","NATUSD","A","2002",0.981997,
"IRL","PPP","TOT","NATUSD","A","2003",1.005118,
"IRL","PPP","TOT","NATUSD","A","2004",0.9917,
"IRL","PPP","TOT","NATUSD","A","2005",1.011707,
"IRL","PPP","TOT","NATUSD","A","2006",0.979121,
"IRL","PPP","TOT","NATUSD","A","2007",0.958884,
"IRL","PPP","TOT","NATUSD","A","2008",0.944447,
"IRL","PPP","TOT","NATUSD","A","2009",0.901261,
"IRL","PPP","TOT","NATUSD","A","2010",0.848743,
"IRL","PPP","TOT","NATUSD","A","2011",0.831513,
"IRL","PPP","TOT","NATUSD","A","2012",0.823072,
"IRL","PPP","TOT","NATUSD","A","2013",0.811228,
"IRL","PPP","TOT","NATUSD","A","2014",0.819041,
"IRL","PPP","TOT","NATUSD","A","2015",0.812658,
"IRL","PPP","TOT","NATUSD","A","2016",0.811739,
"IRL","PPP","TOT","NATUSD","A","2017",0.806292,
"ITA","PPP","TOT","NATUSD","A","2000",0.805378,
"ITA","PPP","TOT","NATUSD","A","2001",0.815496,
"ITA","PPP","TOT","NATUSD","A","2002",0.823489,
"ITA","PPP","TOT","NATUSD","A","2003",0.834445,
"ITA","PPP","TOT","NATUSD","A","2004",0.852335,
"ITA","PPP","TOT","NATUSD","A","2005",0.855139,
"ITA","PPP","TOT","NATUSD","A","2006",0.823589,
"ITA","PPP","TOT","NATUSD","A","2007",0.810304,
"ITA","PPP","TOT","NATUSD","A","2008",0.783694,
"ITA","PPP","TOT","NATUSD","A","2009",0.771303,
"ITA","PPP","TOT","NATUSD","A","2010",0.772437,
"ITA","PPP","TOT","NATUSD","A","2011",0.758687,
"ITA","PPP","TOT","NATUSD","A","2012",0.747731,
"ITA","PPP","TOT","NATUSD","A","2013",0.737299,
"ITA","PPP","TOT","NATUSD","A","2014",0.739644,
"ITA","PPP","TOT","NATUSD","A","2015",0.742693,
"ITA","PPP","TOT","NATUSD","A","2016",0.7224,
"ITA","PPP","TOT","NATUSD","A","2017",0.71213,
"JPN","PPP","TOT","NATUSD","A","2000",154.716829,
"JPN","PPP","TOT","NATUSD","A","2001",149.598881,
"JPN","PPP","TOT","NATUSD","A","2002",143.774205,
"JPN","PPP","TOT","NATUSD","A","2003",139.530974,
"JPN","PPP","TOT","NATUSD","A","2004",134.302114,
"JPN","PPP","TOT","NATUSD","A","2005",129.551955,
"JPN","PPP","TOT","NATUSD","A","2006",124.504043,
"JPN","PPP","TOT","NATUSD","A","2007",120.391668,
"JPN","PPP","TOT","NATUSD","A","2008",116.845814,
"JPN","PPP","TOT","NATUSD","A","2009",115.170661,
"JPN","PPP","TOT","NATUSD","A","2010",111.624069,
"JPN","PPP","TOT","NATUSD","A","2011",107.454281,
"JPN","PPP","TOT","NATUSD","A","2012",104.273972,
"JPN","PPP","TOT","NATUSD","A","2013",101.302673,
"JPN","PPP","TOT","NATUSD","A","2014",103.052076,
"JPN","PPP","TOT","NATUSD","A","2015",102.762624,
"JPN","PPP","TOT","NATUSD","A","2016",100.278969,
"JPN","PPP","TOT","NATUSD","A","2017",98.239494,
"KOR","PPP","TOT","NATUSD","A","2000",747.230617,
"KOR","PPP","TOT","NATUSD","A","2001",757.250769,
"KOR","PPP","TOT","NATUSD","A","2002",769.77179,
"KOR","PPP","TOT","NATUSD","A","2003",792.161314,
"KOR","PPP","TOT","NATUSD","A","2004",793.968303,
"KOR","PPP","TOT","NATUSD","A","2005",788.920135,
"KOR","PPP","TOT","NATUSD","A","2006",772.192409,
"KOR","PPP","TOT","NATUSD","A","2007",770.205904,
"KOR","PPP","TOT","NATUSD","A","2008",785.717886,
"KOR","PPP","TOT","NATUSD","A","2009",824.761218,
"KOR","PPP","TOT","NATUSD","A","2010",840.569267,
"KOR","PPP","TOT","NATUSD","A","2011",854.585723,
"KOR","PPP","TOT","NATUSD","A","2012",854.887268,
"KOR","PPP","TOT","NATUSD","A","2013",869.081422,
"KOR","PPP","TOT","NATUSD","A","2014",871.878106,
"KOR","PPP","TOT","NATUSD","A","2015",870.933468,
"KOR","PPP","TOT","NATUSD","A","2016",874.628743,
"KOR","PPP","TOT","NATUSD","A","2017",878.77373,
"LUX","PPP","TOT","NATUSD","A","2000",0.955872,
"LUX","PPP","TOT","NATUSD","A","2001",0.962445,
"LUX","PPP","TOT","NATUSD","A","2002",0.956996,
"LUX","PPP","TOT","NATUSD","A","2003",0.965851,
"LUX","PPP","TOT","NATUSD","A","2004",0.951735,
"LUX","PPP","TOT","NATUSD","A","2005",0.946363,
"LUX","PPP","TOT","NATUSD","A","2006",0.917524,
"LUX","PPP","TOT","NATUSD","A","2007",0.922468,
"LUX","PPP","TOT","NATUSD","A","2008",0.900045,
"LUX","PPP","TOT","NATUSD","A","2009",0.902982,
"LUX","PPP","TOT","NATUSD","A","2010",0.924811,
"LUX","PPP","TOT","NATUSD","A","2011",0.905099,
"LUX","PPP","TOT","NATUSD","A","2012",0.90679,
"LUX","PPP","TOT","NATUSD","A","2013",0.895254,
"LUX","PPP","TOT","NATUSD","A","2014",0.884138,
"LUX","PPP","TOT","NATUSD","A","2015",0.892245,
"LUX","PPP","TOT","NATUSD","A","2016",0.88946,
"LUX","PPP","TOT","NATUSD","A","2017",0.891175,
"MEX","PPP","TOT","NATUSD","A","2000",6.093605,
"MEX","PPP","TOT","NATUSD","A","2001",6.304871,
"MEX","PPP","TOT","NATUSD","A","2002",6.553697,
"MEX","PPP","TOT","NATUSD","A","2003",6.799627,
"MEX","PPP","TOT","NATUSD","A","2004",7.170685,
"MEX","PPP","TOT","NATUSD","A","2005",7.126862,
"MEX","PPP","TOT","NATUSD","A","2006",7.186154,
"MEX","PPP","TOT","NATUSD","A","2007",7.347535,
"MEX","PPP","TOT","NATUSD","A","2008",7.469532,
"MEX","PPP","TOT","NATUSD","A","2009",7.429925,
"MEX","PPP","TOT","NATUSD","A","2010",7.667777,
"MEX","PPP","TOT","NATUSD","A","2011",7.673013,
"MEX","PPP","TOT","NATUSD","A","2012",7.858708,
"MEX","PPP","TOT","NATUSD","A","2013",7.884359,
"MEX","PPP","TOT","NATUSD","A","2014",8.045318,
"MEX","PPP","TOT","NATUSD","A","2015",8.5411,
"MEX","PPP","TOT","NATUSD","A","2016",8.868705,
"MEX","PPP","TOT","NATUSD","A","2017",9.285451,
"NLD","PPP","TOT","NATUSD","A","2000",0.890569,
"NLD","PPP","TOT","NATUSD","A","2001",0.903954,
"NLD","PPP","TOT","NATUSD","A","2002",0.900863,
"NLD","PPP","TOT","NATUSD","A","2003",0.926593,
"NLD","PPP","TOT","NATUSD","A","2004",0.908296,
"NLD","PPP","TOT","NATUSD","A","2005",0.897139,
"NLD","PPP","TOT","NATUSD","A","2006",0.872708,
"NLD","PPP","TOT","NATUSD","A","2007",0.86118,
"NLD","PPP","TOT","NATUSD","A","2008",0.847775,
"NLD","PPP","TOT","NATUSD","A","2009",0.848322,
"NLD","PPP","TOT","NATUSD","A","2010",0.853283,
"NLD","PPP","TOT","NATUSD","A","2011",0.836065,
"NLD","PPP","TOT","NATUSD","A","2012",0.824408,
"NLD","PPP","TOT","NATUSD","A","2013",0.798166,
"NLD","PPP","TOT","NATUSD","A","2014",0.808798,
"NLD","PPP","TOT","NATUSD","A","2015",0.814614,
"NLD","PPP","TOT","NATUSD","A","2016",0.816371,
"NLD","PPP","TOT","NATUSD","A","2017",0.808315,
"NZL","PPP","TOT","NATUSD","A","2000",1.444234,
"NZL","PPP","TOT","NATUSD","A","2001",1.473046,
"NZL","PPP","TOT","NATUSD","A","2002",1.468962,
"NZL","PPP","TOT","NATUSD","A","2003",1.497326,
"NZL","PPP","TOT","NATUSD","A","2004",1.507339,
"NZL","PPP","TOT","NATUSD","A","2005",1.535,
"NZL","PPP","TOT","NATUSD","A","2006",1.48125,
"NZL","PPP","TOT","NATUSD","A","2007",1.505306,
"NZL","PPP","TOT","NATUSD","A","2008",1.490709,
"NZL","PPP","TOT","NATUSD","A","2009",1.470552,
"NZL","PPP","TOT","NATUSD","A","2010",1.495532,
"NZL","PPP","TOT","NATUSD","A","2011",1.485915,
"NZL","PPP","TOT","NATUSD","A","2012",1.495622,
"NZL","PPP","TOT","NATUSD","A","2013",1.445979,
"NZL","PPP","TOT","NATUSD","A","2014",1.44073,
"NZL","PPP","TOT","NATUSD","A","2015",1.46368,
"NZL","PPP","TOT","NATUSD","A","2016",1.468078,
"NZL","PPP","TOT","NATUSD","A","2017",1.477015,
"NOR","PPP","TOT","NATUSD","A","2000",9.086746,
"NOR","PPP","TOT","NATUSD","A","2001",9.165571,
"NOR","PPP","TOT","NATUSD","A","2002",9.05673,
"NOR","PPP","TOT","NATUSD","A","2003",9.208315,
"NOR","PPP","TOT","NATUSD","A","2004",9.130702,
"NOR","PPP","TOT","NATUSD","A","2005",9.005204,
"NOR","PPP","TOT","NATUSD","A","2006",8.788096,
"NOR","PPP","TOT","NATUSD","A","2007",8.933115,
"NOR","PPP","TOT","NATUSD","A","2008",8.859281,
"NOR","PPP","TOT","NATUSD","A","2009",9.083681,
"NOR","PPP","TOT","NATUSD","A","2010",9.143046,
"NOR","PPP","TOT","NATUSD","A","2011",9.082736,
"NOR","PPP","TOT","NATUSD","A","2012",9.037085,
"NOR","PPP","TOT","NATUSD","A","2013",9.029349,
"NOR","PPP","TOT","NATUSD","A","2014",9.278458,
"NOR","PPP","TOT","NATUSD","A","2015",9.73337,
"NOR","PPP","TOT","NATUSD","A","2016",10.125703,
"NOR","PPP","TOT","NATUSD","A","2017",10.242149,
"POL","PPP","TOT","NATUSD","A","2000",1.833204,
"POL","PPP","TOT","NATUSD","A","2001",1.83531,
"POL","PPP","TOT","NATUSD","A","2002",1.799795,
"POL","PPP","TOT","NATUSD","A","2003",1.80659,
"POL","PPP","TOT","NATUSD","A","2004",1.831058,
"POL","PPP","TOT","NATUSD","A","2005",1.867595,
"POL","PPP","TOT","NATUSD","A","2006",1.852134,
"POL","PPP","TOT","NATUSD","A","2007",1.85605,
"POL","PPP","TOT","NATUSD","A","2008",1.842243,
"POL","PPP","TOT","NATUSD","A","2009",1.869109,
"POL","PPP","TOT","NATUSD","A","2010",1.803201,
"POL","PPP","TOT","NATUSD","A","2011",1.801424,
"POL","PPP","TOT","NATUSD","A","2012",1.796168,
"POL","PPP","TOT","NATUSD","A","2013",1.762045,
"POL","PPP","TOT","NATUSD","A","2014",1.767142,
"POL","PPP","TOT","NATUSD","A","2015",1.781154,
"POL","PPP","TOT","NATUSD","A","2016",1.78759,
"POL","PPP","TOT","NATUSD","A","2017",1.782042,
"PRT","PPP","TOT","NATUSD","A","2000",0.661129,
"PRT","PPP","TOT","NATUSD","A","2001",0.670215,
"PRT","PPP","TOT","NATUSD","A","2002",0.672081,
"PRT","PPP","TOT","NATUSD","A","2003",0.670586,
"PRT","PPP","TOT","NATUSD","A","2004",0.676521,
"PRT","PPP","TOT","NATUSD","A","2005",0.664259,
"PRT","PPP","TOT","NATUSD","A","2006",0.640738,
"PRT","PPP","TOT","NATUSD","A","2007",0.647554,
"PRT","PPP","TOT","NATUSD","A","2008",0.636148,
"PRT","PPP","TOT","NATUSD","A","2009",0.627313,
"PRT","PPP","TOT","NATUSD","A","2010",0.622565,
"PRT","PPP","TOT","NATUSD","A","2011",0.623083,
"PRT","PPP","TOT","NATUSD","A","2012",0.605398,
"PRT","PPP","TOT","NATUSD","A","2013",0.583607,
"PRT","PPP","TOT","NATUSD","A","2014",0.578868,
"PRT","PPP","TOT","NATUSD","A","2015",0.587806,
"PRT","PPP","TOT","NATUSD","A","2016",0.58596,
"PRT","PPP","TOT","NATUSD","A","2017",0.582515,
"SVK","PPP","TOT","NATUSD","A","2000",0.516462,
"SVK","PPP","TOT","NATUSD","A","2001",0.51518,
"SVK","PPP","TOT","NATUSD","A","2002",0.521518,
"SVK","PPP","TOT","NATUSD","A","2003",0.544988,
"SVK","PPP","TOT","NATUSD","A","2004",0.564801,
"SVK","PPP","TOT","NATUSD","A","2005",0.564715,
"SVK","PPP","TOT","NATUSD","A","2006",0.5551,
"SVK","PPP","TOT","NATUSD","A","2007",0.554393,
"SVK","PPP","TOT","NATUSD","A","2008",0.53743,
"SVK","PPP","TOT","NATUSD","A","2009",0.51555,
"SVK","PPP","TOT","NATUSD","A","2010",0.501637,
"SVK","PPP","TOT","NATUSD","A","2011",0.506407,
"SVK","PPP","TOT","NATUSD","A","2012",0.504542,
"SVK","PPP","TOT","NATUSD","A","2013",0.491124,
"SVK","PPP","TOT","NATUSD","A","2014",0.485412,
"SVK","PPP","TOT","NATUSD","A","2015",0.492728,
"SVK","PPP","TOT","NATUSD","A","2016",0.490581,
"SVK","PPP","TOT","NATUSD","A","2017",0.486526,
"ESP","PPP","TOT","NATUSD","A","2000",0.739886,
"ESP","PPP","TOT","NATUSD","A","2001",0.746805,
"ESP","PPP","TOT","NATUSD","A","2002",0.742312,
"ESP","PPP","TOT","NATUSD","A","2003",0.760158,
"ESP","PPP","TOT","NATUSD","A","2004",0.766319,
"ESP","PPP","TOT","NATUSD","A","2005",0.769508,
"ESP","PPP","TOT","NATUSD","A","2006",0.736666,
"ESP","PPP","TOT","NATUSD","A","2007",0.733245,
"ESP","PPP","TOT","NATUSD","A","2008",0.725862,
"ESP","PPP","TOT","NATUSD","A","2009",0.718662,
"ESP","PPP","TOT","NATUSD","A","2010",0.726274,
"ESP","PPP","TOT","NATUSD","A","2011",0.714129,
"ESP","PPP","TOT","NATUSD","A","2012",0.694976,
"ESP","PPP","TOT","NATUSD","A","2013",0.6748,
"ESP","PPP","TOT","NATUSD","A","2014",0.662359,
"ESP","PPP","TOT","NATUSD","A","2015",0.667852,
"ESP","PPP","TOT","NATUSD","A","2016",0.662783,
"ESP","PPP","TOT","NATUSD","A","2017",0.655964,
"SWE","PPP","TOT","NATUSD","A","2000",9.164443,
"SWE","PPP","TOT","NATUSD","A","2001",9.392472,
"SWE","PPP","TOT","NATUSD","A","2002",9.413655,
"SWE","PPP","TOT","NATUSD","A","2003",9.497153,
"SWE","PPP","TOT","NATUSD","A","2004",9.299447,
"SWE","PPP","TOT","NATUSD","A","2005",9.479182,
"SWE","PPP","TOT","NATUSD","A","2006",9.119741,
"SWE","PPP","TOT","NATUSD","A","2007",8.883025,
"SWE","PPP","TOT","NATUSD","A","2008",8.778986,
"SWE","PPP","TOT","NATUSD","A","2009",8.920513,
"SWE","PPP","TOT","NATUSD","A","2010",9.016554,
"SWE","PPP","TOT","NATUSD","A","2011",8.844042,
"SWE","PPP","TOT","NATUSD","A","2012",8.654768,
"SWE","PPP","TOT","NATUSD","A","2013",8.597681,
"SWE","PPP","TOT","NATUSD","A","2014",8.727131,
"SWE","PPP","TOT","NATUSD","A","2015",8.949286,
"SWE","PPP","TOT","NATUSD","A","2016",9.07675,
"SWE","PPP","TOT","NATUSD","A","2017",9.124655,
"CHE","PPP","TOT","NATUSD","A","2000",1.788924,
"CHE","PPP","TOT","NATUSD","A","2001",1.766933,
"CHE","PPP","TOT","NATUSD","A","2002",1.70976,
"CHE","PPP","TOT","NATUSD","A","2003",1.717268,
"CHE","PPP","TOT","NATUSD","A","2004",1.692743,
"CHE","PPP","TOT","NATUSD","A","2005",1.686548,
"CHE","PPP","TOT","NATUSD","A","2006",1.6003,
"CHE","PPP","TOT","NATUSD","A","2007",1.533879,
"CHE","PPP","TOT","NATUSD","A","2008",1.493049,
"CHE","PPP","TOT","NATUSD","A","2009",1.470024,
"CHE","PPP","TOT","NATUSD","A","2010",1.464752,
"CHE","PPP","TOT","NATUSD","A","2011",1.397498,
"CHE","PPP","TOT","NATUSD","A","2012",1.354072,
"CHE","PPP","TOT","NATUSD","A","2013",1.312477,
"CHE","PPP","TOT","NATUSD","A","2014",1.281761,
"CHE","PPP","TOT","NATUSD","A","2015",1.240107,
"CHE","PPP","TOT","NATUSD","A","2016",1.231958,
"CHE","PPP","TOT","NATUSD","A","2017",1.21468,
"TUR","PPP","TOT","NATUSD","A","2000",0.281636,
"TUR","PPP","TOT","NATUSD","A","2001",0.414553,
"TUR","PPP","TOT","NATUSD","A","2002",0.591251,
"TUR","PPP","TOT","NATUSD","A","2003",0.737414,
"TUR","PPP","TOT","NATUSD","A","2004",0.792611,
"TUR","PPP","TOT","NATUSD","A","2005",0.834589,
"TUR","PPP","TOT","NATUSD","A","2006",0.84257,
"TUR","PPP","TOT","NATUSD","A","2007",0.85228,
"TUR","PPP","TOT","NATUSD","A","2008",0.87996,
"TUR","PPP","TOT","NATUSD","A","2009",0.904605,
"TUR","PPP","TOT","NATUSD","A","2010",0.919487,
"TUR","PPP","TOT","NATUSD","A","2011",0.966176,
"TUR","PPP","TOT","NATUSD","A","2012",1.019856,
"TUR","PPP","TOT","NATUSD","A","2013",1.070294,
"TUR","PPP","TOT","NATUSD","A","2014",1.104504,
"TUR","PPP","TOT","NATUSD","A","2015",1.202608,
"TUR","PPP","TOT","NATUSD","A","2016",1.299412,
"TUR","PPP","TOT","NATUSD","A","2017",1.37744,
"GBR","PPP","TOT","NATUSD","A","2000",0.704627,
"GBR","PPP","TOT","NATUSD","A","2001",0.693814,
"GBR","PPP","TOT","NATUSD","A","2002",0.689877,
"GBR","PPP","TOT","NATUSD","A","2003",0.696697,
"GBR","PPP","TOT","NATUSD","A","2004",0.68822,
"GBR","PPP","TOT","NATUSD","A","2005",0.707619,
"GBR","PPP","TOT","NATUSD","A","2006",0.69712,
"GBR","PPP","TOT","NATUSD","A","2007",0.710047,
"GBR","PPP","TOT","NATUSD","A","2008",0.701691,
"GBR","PPP","TOT","NATUSD","A","2009",0.710055,
"GBR","PPP","TOT","NATUSD","A","2010",0.701615,
"GBR","PPP","TOT","NATUSD","A","2011",0.706052,
"GBR","PPP","TOT","NATUSD","A","2012",0.701634,
"GBR","PPP","TOT","NATUSD","A","2013",0.695248,
"GBR","PPP","TOT","NATUSD","A","2014",0.698444,
"GBR","PPP","TOT","NATUSD","A","2015",0.697453,
"GBR","PPP","TOT","NATUSD","A","2016",0.701669,
"GBR","PPP","TOT","NATUSD","A","2017",0.703402,
"USA","PPP","TOT","NATUSD","A","2000",1,
"USA","PPP","TOT","NATUSD","A","2001",1,
"USA","PPP","TOT","NATUSD","A","2002",1,
"USA","PPP","TOT","NATUSD","A","2003",1,
"USA","PPP","TOT","NATUSD","A","2004",1,
"USA","PPP","TOT","NATUSD","A","2005",1,
"USA","PPP","TOT","NATUSD","A","2006",1,
"USA","PPP","TOT","NATUSD","A","2007",1,
"USA","PPP","TOT","NATUSD","A","2008",1,
"USA","PPP","TOT","NATUSD","A","2009",1,
"USA","PPP","TOT","NATUSD","A","2010",1,
"USA","PPP","TOT","NATUSD","A","2011",1,
"USA","PPP","TOT","NATUSD","A","2012",1,
"USA","PPP","TOT","NATUSD","A","2013",1,
"USA","PPP","TOT","NATUSD","A","2014",1,
"USA","PPP","TOT","NATUSD","A","2015",1,
"USA","PPP","TOT","NATUSD","A","2016",1,
"USA","PPP","TOT","NATUSD","A","2017",1,
"BRA","PPP","TOT","NATUSD","A","2000",0.759003,
"BRA","PPP","TOT","NATUSD","A","2001",0.80313,
"BRA","PPP","TOT","NATUSD","A","2002",0.86849,
"BRA","PPP","TOT","NATUSD","A","2003",0.971495,
"BRA","PPP","TOT","NATUSD","A","2004",1.018792,
"BRA","PPP","TOT","NATUSD","A","2005",1.060382,
"BRA","PPP","TOT","NATUSD","A","2006",1.098468,
"BRA","PPP","TOT","NATUSD","A","2007",1.138889,
"BRA","PPP","TOT","NATUSD","A","2008",1.215031,
"BRA","PPP","TOT","NATUSD","A","2009",1.294066,
"BRA","PPP","TOT","NATUSD","A","2010",1.38614,
"BRA","PPP","TOT","NATUSD","A","2011",1.471075,
"BRA","PPP","TOT","NATUSD","A","2012",1.559203,
"BRA","PPP","TOT","NATUSD","A","2013",1.649573,
"BRA","PPP","TOT","NATUSD","A","2014",1.74772,
"BRA","PPP","TOT","NATUSD","A","2015",1.865751,
"BRA","PPP","TOT","NATUSD","A","2016",1.994979,
"BRA","PPP","TOT","NATUSD","A","2017",2.056975,
"CHL","PPP","TOT","NATUSD","A","2000",287.520198,
"CHL","PPP","TOT","NATUSD","A","2001",291.967428,
"CHL","PPP","TOT","NATUSD","A","2002",297.307134,
"CHL","PPP","TOT","NATUSD","A","2003",304.841697,
"CHL","PPP","TOT","NATUSD","A","2004",319.971852,
"CHL","PPP","TOT","NATUSD","A","2005",333.69,
"CHL","PPP","TOT","NATUSD","A","2006",318.850372,
"CHL","PPP","TOT","NATUSD","A","2007",324.062704,
"CHL","PPP","TOT","NATUSD","A","2008",340.32619,
"CHL","PPP","TOT","NATUSD","A","2009",354.061308,
"CHL","PPP","TOT","NATUSD","A","2010",359.25389,
"CHL","PPP","TOT","NATUSD","A","2011",348.016847,
"CHL","PPP","TOT","NATUSD","A","2012",347.228507,
"CHL","PPP","TOT","NATUSD","A","2013",349.680536,
"CHL","PPP","TOT","NATUSD","A","2014",367.213907,
"CHL","PPP","TOT","NATUSD","A","2015",394.344607,
"CHL","PPP","TOT","NATUSD","A","2016",402.571265,
"CHL","PPP","TOT","NATUSD","A","2017",413.423606,
"CHN","PPP","TOT","NATUSD","A","2000",2.707539,
"CHN","PPP","TOT","NATUSD","A","2001",2.701298,
"CHN","PPP","TOT","NATUSD","A","2002",2.676549,
"CHN","PPP","TOT","NATUSD","A","2003",2.692593,
"CHN","PPP","TOT","NATUSD","A","2004",2.802777,
"CHN","PPP","TOT","NATUSD","A","2005",2.821377,
"CHN","PPP","TOT","NATUSD","A","2006",2.844799,
"CHN","PPP","TOT","NATUSD","A","2007",2.987333,
"CHN","PPP","TOT","NATUSD","A","2008",3.159191,
"CHN","PPP","TOT","NATUSD","A","2009",3.131183,
"CHN","PPP","TOT","NATUSD","A","2010",3.308221,
"CHN","PPP","TOT","NATUSD","A","2011",3.505536,
"CHN","PPP","TOT","NATUSD","A","2012",3.524482,
"CHN","PPP","TOT","NATUSD","A","2013",3.545648,
"CHN","PPP","TOT","NATUSD","A","2014",3.512139,
"CHN","PPP","TOT","NATUSD","A","2015",3.477997,
"CHN","PPP","TOT","NATUSD","A","2016",3.474446,
"CHN","PPP","TOT","NATUSD","A","2017",3.553589,
"COL","PPP","TOT","NATUSD","A","2000",783.734381,
"COL","PPP","TOT","NATUSD","A","2001",816.220838,
"COL","PPP","TOT","NATUSD","A","2002",851.857381,
"COL","PPP","TOT","NATUSD","A","2003",892.239098,
"COL","PPP","TOT","NATUSD","A","2004",931.60464,
"COL","PPP","TOT","NATUSD","A","2005",952.723748,
"COL","PPP","TOT","NATUSD","A","2006",977.706657,
"COL","PPP","TOT","NATUSD","A","2007",1000.357813,
"COL","PPP","TOT","NATUSD","A","2008",1055.242084,
"COL","PPP","TOT","NATUSD","A","2009",1082.979231,
"COL","PPP","TOT","NATUSD","A","2010",1111.170441,
"COL","PPP","TOT","NATUSD","A","2011",1161.909895,
"COL","PPP","TOT","NATUSD","A","2012",1174.995213,
"COL","PPP","TOT","NATUSD","A","2013",1179.362636,
"COL","PPP","TOT","NATUSD","A","2014",1182.599691,
"COL","PPP","TOT","NATUSD","A","2015",1198.717168,
"COL","PPP","TOT","NATUSD","A","2016",1252.400308,
"COL","PPP","TOT","NATUSD","A","2017",1288.663633,
"EST","PPP","TOT","NATUSD","A","2000",0.46893,
"EST","PPP","TOT","NATUSD","A","2001",0.487403,
"EST","PPP","TOT","NATUSD","A","2002",0.486245,
"EST","PPP","TOT","NATUSD","A","2003",0.486344,
"EST","PPP","TOT","NATUSD","A","2004",0.493922,
"EST","PPP","TOT","NATUSD","A","2005",0.503328,
"EST","PPP","TOT","NATUSD","A","2006",0.521264,
"EST","PPP","TOT","NATUSD","A","2007",0.55181,
"EST","PPP","TOT","NATUSD","A","2008",0.545055,
"EST","PPP","TOT","NATUSD","A","2009",0.517106,
"EST","PPP","TOT","NATUSD","A","2010",0.511639,
"EST","PPP","TOT","NATUSD","A","2011",0.5116,
"EST","PPP","TOT","NATUSD","A","2012",0.521063,
"EST","PPP","TOT","NATUSD","A","2013",0.522424,
"EST","PPP","TOT","NATUSD","A","2014",0.52689,
"EST","PPP","TOT","NATUSD","A","2015",0.539188,
"EST","PPP","TOT","NATUSD","A","2016",0.539102,
"EST","PPP","TOT","NATUSD","A","2017",0.552691,
"IND","PPP","TOT","NATUSD","A","2000",10.138195,
"IND","PPP","TOT","NATUSD","A","2001",10.231045,
"IND","PPP","TOT","NATUSD","A","2002",10.450766,
"IND","PPP","TOT","NATUSD","A","2003",10.642758,
"IND","PPP","TOT","NATUSD","A","2004",10.950977,
"IND","PPP","TOT","NATUSD","A","2005",11.05912,
"IND","PPP","TOT","NATUSD","A","2006",11.418592,
"IND","PPP","TOT","NATUSD","A","2007",11.762826,
"IND","PPP","TOT","NATUSD","A","2008",12.536125,
"IND","PPP","TOT","NATUSD","A","2009",13.196079,
"IND","PPP","TOT","NATUSD","A","2010",14.20806,
"IND","PPP","TOT","NATUSD","A","2011",15.109435,
"IND","PPP","TOT","NATUSD","A","2012",16.013302,
"IND","PPP","TOT","NATUSD","A","2013",16.733715,
"IND","PPP","TOT","NATUSD","A","2014",16.941024,
"IND","PPP","TOT","NATUSD","A","2015",17.060003,
"IND","PPP","TOT","NATUSD","A","2016",17.446724,
"IND","PPP","TOT","NATUSD","A","2017",17.818028,
"IDN","PPP","TOT","NATUSD","A","2000",1427.634797,
"IDN","PPP","TOT","NATUSD","A","2001",1595.368537,
"IDN","PPP","TOT","NATUSD","A","2002",1663.889513,
"IDN","PPP","TOT","NATUSD","A","2003",1720.878976,
"IDN","PPP","TOT","NATUSD","A","2004",1818.035727,
"IDN","PPP","TOT","NATUSD","A","2005",2013.796064,
"IDN","PPP","TOT","NATUSD","A","2006",2229.007024,
"IDN","PPP","TOT","NATUSD","A","2007",2415.672362,
"IDN","PPP","TOT","NATUSD","A","2008",2799.201407,
"IDN","PPP","TOT","NATUSD","A","2009",3007.984729,
"IDN","PPP","TOT","NATUSD","A","2010",3425.297479,
"IDN","PPP","TOT","NATUSD","A","2011",3606.566084,
"IDN","PPP","TOT","NATUSD","A","2012",3674.270252,
"IDN","PPP","TOT","NATUSD","A","2013",3795.437571,
"IDN","PPP","TOT","NATUSD","A","2014",3931.639686,
"IDN","PPP","TOT","NATUSD","A","2015",4046.503581,
"IDN","PPP","TOT","NATUSD","A","2016",4091.834272,
"IDN","PPP","TOT","NATUSD","A","2017",4186.361237,
"ISR","PPP","TOT","NATUSD","A","2000",3.44084,
"ISR","PPP","TOT","NATUSD","A","2001",3.424115,
"ISR","PPP","TOT","NATUSD","A","2002",3.462676,
"ISR","PPP","TOT","NATUSD","A","2003",3.628919,
"ISR","PPP","TOT","NATUSD","A","2004",3.534006,
"ISR","PPP","TOT","NATUSD","A","2005",3.716937,
"ISR","PPP","TOT","NATUSD","A","2006",3.787979,
"ISR","PPP","TOT","NATUSD","A","2007",3.718592,
"ISR","PPP","TOT","NATUSD","A","2008",3.867205,
"ISR","PPP","TOT","NATUSD","A","2009",3.962409,
"ISR","PPP","TOT","NATUSD","A","2010",3.974354,
"ISR","PPP","TOT","NATUSD","A","2011",3.944763,
"ISR","PPP","TOT","NATUSD","A","2012",3.955358,
"ISR","PPP","TOT","NATUSD","A","2013",3.839566,
"ISR","PPP","TOT","NATUSD","A","2014",3.940387,
"ISR","PPP","TOT","NATUSD","A","2015",3.865399,
"ISR","PPP","TOT","NATUSD","A","2016",3.832591,
"ISR","PPP","TOT","NATUSD","A","2017",3.773624,
"RUS","PPP","TOT","NATUSD","A","2000",7.301352,
"RUS","PPP","TOT","NATUSD","A","2001",8.315801,
"RUS","PPP","TOT","NATUSD","A","2002",9.273504,
"RUS","PPP","TOT","NATUSD","A","2003",9.867835,
"RUS","PPP","TOT","NATUSD","A","2004",11.5516,
"RUS","PPP","TOT","NATUSD","A","2005",12.736131,
"RUS","PPP","TOT","NATUSD","A","2006",12.614955,
"RUS","PPP","TOT","NATUSD","A","2007",13.98421,
"RUS","PPP","TOT","NATUSD","A","2008",14.341196,
"RUS","PPP","TOT","NATUSD","A","2009",14.019334,
"RUS","PPP","TOT","NATUSD","A","2010",15.815104,
"RUS","PPP","TOT","NATUSD","A","2011",17.345572,
"RUS","PPP","TOT","NATUSD","A","2012",18.460624,
"RUS","PPP","TOT","NATUSD","A","2013",19.421265,
"RUS","PPP","TOT","NATUSD","A","2014",21.01471,
"RUS","PPP","TOT","NATUSD","A","2015",23.02403,
"RUS","PPP","TOT","NATUSD","A","2016",23.665228,
"RUS","PPP","TOT","NATUSD","A","2017",24.547936,
"SVN","PPP","TOT","NATUSD","A","2000",0.526589,
"SVN","PPP","TOT","NATUSD","A","2001",0.559564,
"SVN","PPP","TOT","NATUSD","A","2002",0.583286,
"SVN","PPP","TOT","NATUSD","A","2003",0.608607,
"SVN","PPP","TOT","NATUSD","A","2004",0.608165,
"SVN","PPP","TOT","NATUSD","A","2005",0.610135,
"SVN","PPP","TOT","NATUSD","A","2006",0.610237,
"SVN","PPP","TOT","NATUSD","A","2007",0.631084,
"SVN","PPP","TOT","NATUSD","A","2008",0.633789,
"SVN","PPP","TOT","NATUSD","A","2009",0.645458,
"SVN","PPP","TOT","NATUSD","A","2010",0.637329,
"SVN","PPP","TOT","NATUSD","A","2011",0.62397,
"SVN","PPP","TOT","NATUSD","A","2012",0.606793,
"SVN","PPP","TOT","NATUSD","A","2013",0.590407,
"SVN","PPP","TOT","NATUSD","A","2014",0.591238,
"SVN","PPP","TOT","NATUSD","A","2015",0.598076,
"SVN","PPP","TOT","NATUSD","A","2016",0.598127,
"SVN","PPP","TOT","NATUSD","A","2017",0.601701,
"ZAF","PPP","TOT","NATUSD","A","2000",2.737056,
"ZAF","PPP","TOT","NATUSD","A","2001",2.879577,
"ZAF","PPP","TOT","NATUSD","A","2002",3.183188,
"ZAF","PPP","TOT","NATUSD","A","2003",3.301769,
"ZAF","PPP","TOT","NATUSD","A","2004",3.423148,
"ZAF","PPP","TOT","NATUSD","A","2005",3.497152,
"ZAF","PPP","TOT","NATUSD","A","2006",3.605152,
"ZAF","PPP","TOT","NATUSD","A","2007",3.822458,
"ZAF","PPP","TOT","NATUSD","A","2008",4.080005,
"ZAF","PPP","TOT","NATUSD","A","2009",4.353131,
"ZAF","PPP","TOT","NATUSD","A","2010",4.573736,
"ZAF","PPP","TOT","NATUSD","A","2011",4.773938,
"ZAF","PPP","TOT","NATUSD","A","2012",4.935229,
"ZAF","PPP","TOT","NATUSD","A","2013",5.155263,
"ZAF","PPP","TOT","NATUSD","A","2014",5.356825,
"ZAF","PPP","TOT","NATUSD","A","2015",5.564478,
"ZAF","PPP","TOT","NATUSD","A","2016",5.865398,
"ZAF","PPP","TOT","NATUSD","A","2017",6.060029,
"EU28","PPP","TOT","NATUSD","A","2000",0.876405,
"EU28","PPP","TOT","NATUSD","A","2001",0.867305,
"EU28","PPP","TOT","NATUSD","A","2002",0.858817,
"EU28","PPP","TOT","NATUSD","A","2003",0.848339,
"EU28","PPP","TOT","NATUSD","A","2004",0.845882,
"EU28","PPP","TOT","NATUSD","A","2005",0.84986,
"EU28","PPP","TOT","NATUSD","A","2006",0.827661,
"EU28","PPP","TOT","NATUSD","A","2007",0.824497,
"EU28","PPP","TOT","NATUSD","A","2008",0.790397,
"EU28","PPP","TOT","NATUSD","A","2009",0.760925,
"EU28","PPP","TOT","NATUSD","A","2010",0.764382,
"EU28","PPP","TOT","NATUSD","A","2011",0.754269,
"EU28","PPP","TOT","NATUSD","A","2012",0.755601,
"EU28","PPP","TOT","NATUSD","A","2013",0.734483,
"EU28","PPP","TOT","NATUSD","A","2014",0.737009,
"EU28","PPP","TOT","NATUSD","A","2015",0.755114,
"EU28","PPP","TOT","NATUSD","A","2016",0.73597,
"EU28","PPP","TOT","NATUSD","A","2017",0.730662,
"LVA","PPP","TOT","NATUSD","A","2000",0.360863,
"LVA","PPP","TOT","NATUSD","A","2001",0.352988,
"LVA","PPP","TOT","NATUSD","A","2002",0.360954,
"LVA","PPP","TOT","NATUSD","A","2003",0.378672,
"LVA","PPP","TOT","NATUSD","A","2004",0.399554,
"LVA","PPP","TOT","NATUSD","A","2005",0.438593,
"LVA","PPP","TOT","NATUSD","A","2006",0.489335,
"LVA","PPP","TOT","NATUSD","A","2007",0.566451,
"LVA","PPP","TOT","NATUSD","A","2008",0.575542,
"LVA","PPP","TOT","NATUSD","A","2009",0.521117,
"LVA","PPP","TOT","NATUSD","A","2010",0.486566,
"LVA","PPP","TOT","NATUSD","A","2011",0.498505,
"LVA","PPP","TOT","NATUSD","A","2012",0.5062,
"LVA","PPP","TOT","NATUSD","A","2013",0.499272,
"LVA","PPP","TOT","NATUSD","A","2014",0.497562,
"LVA","PPP","TOT","NATUSD","A","2015",0.501768,
"LVA","PPP","TOT","NATUSD","A","2016",0.497147,
"LVA","PPP","TOT","NATUSD","A","2017",0.501256,
"LTU","PPP","TOT","NATUSD","A","2000",0.451733,
"LTU","PPP","TOT","NATUSD","A","2001",0.432337,
"LTU","PPP","TOT","NATUSD","A","2002",0.42073,
"LTU","PPP","TOT","NATUSD","A","2003",0.404468,
"LTU","PPP","TOT","NATUSD","A","2004",0.414267,
"LTU","PPP","TOT","NATUSD","A","2005",0.435162,
"LTU","PPP","TOT","NATUSD","A","2006",0.446657,
"LTU","PPP","TOT","NATUSD","A","2007",0.470731,
"LTU","PPP","TOT","NATUSD","A","2008",0.492829,
"LTU","PPP","TOT","NATUSD","A","2009",0.469381,
"LTU","PPP","TOT","NATUSD","A","2010",0.449971,
"LTU","PPP","TOT","NATUSD","A","2011",0.45192,
"LTU","PPP","TOT","NATUSD","A","2012",0.452655,
"LTU","PPP","TOT","NATUSD","A","2013",0.443348,
"LTU","PPP","TOT","NATUSD","A","2014",0.442623,
"LTU","PPP","TOT","NATUSD","A","2015",0.447614,
"LTU","PPP","TOT","NATUSD","A","2016",0.451458,
"LTU","PPP","TOT","NATUSD","A","2017",0.462691,
"SAU","PPP","TOT","NATUSD","A","2000",1.002531,
"SAU","PPP","TOT","NATUSD","A","2001",0.964053,
"SAU","PPP","TOT","NATUSD","A","2002",1.006037,
"SAU","PPP","TOT","NATUSD","A","2003",1.009218,
"SAU","PPP","TOT","NATUSD","A","2004",1.090807,
"SAU","PPP","TOT","NATUSD","A","2005",1.269745,
"SAU","PPP","TOT","NATUSD","A","2006",1.374458,
"SAU","PPP","TOT","NATUSD","A","2007",1.451762,
"SAU","PPP","TOT","NATUSD","A","2008",1.675706,
"SAU","PPP","TOT","NATUSD","A","2009",1.401753,
"SAU","PPP","TOT","NATUSD","A","2010",1.622911,
"SAU","PPP","TOT","NATUSD","A","2011",1.837011,
"SAU","PPP","TOT","NATUSD","A","2012",1.876216,
"SAU","PPP","TOT","NATUSD","A","2013",1.823938,
"SAU","PPP","TOT","NATUSD","A","2014",1.751183,
"SAU","PPP","TOT","NATUSD","A","2015",1.439594,
"SAU","PPP","TOT","NATUSD","A","2016",1.379869,
"EA19","PPP","TOT","NATUSD","A","2000",0.863895,
"EA19","PPP","TOT","NATUSD","A","2001",0.859679,
"EA19","PPP","TOT","NATUSD","A","2002",0.852122,
"EA19","PPP","TOT","NATUSD","A","2003",0.858935,
"EA19","PPP","TOT","NATUSD","A","2004",0.856532,
"EA19","PPP","TOT","NATUSD","A","2005",0.852741,
"EA19","PPP","TOT","NATUSD","A","2006",0.827097,
"EA19","PPP","TOT","NATUSD","A","2007",0.821122,
"EA19","PPP","TOT","NATUSD","A","2008",0.80615,
"EA19","PPP","TOT","NATUSD","A","2009",0.794931,
"EA19","PPP","TOT","NATUSD","A","2010",0.792182,
"EA19","PPP","TOT","NATUSD","A","2011",0.780389,
"EA19","PPP","TOT","NATUSD","A","2012",0.77406,
"EA19","PPP","TOT","NATUSD","A","2013",0.75546,
"EA19","PPP","TOT","NATUSD","A","2014",0.751868,
"EA19","PPP","TOT","NATUSD","A","2015",0.758179,
"EA19","PPP","TOT","NATUSD","A","2016",0.752757,
"EA19","PPP","TOT","NATUSD","A","2017",0.747329,
"ARG","PPP","TOT","NATUSD","A","2000",0.705,
"ARG","PPP","TOT","NATUSD","A","2001",0.682,
"ARG","PPP","TOT","NATUSD","A","2002",0.873,
"ARG","PPP","TOT","NATUSD","A","2003",0.948,
"ARG","PPP","TOT","NATUSD","A","2004",1.008,
"ARG","PPP","TOT","NATUSD","A","2005",1.077,
"ARG","PPP","TOT","NATUSD","A","2006",1.188453,
"ARG","PPP","TOT","NATUSD","A","2007",1.330595,
"ARG","PPP","TOT","NATUSD","A","2008",1.607379,
"ARG","PPP","TOT","NATUSD","A","2009",1.840578,
"ARG","PPP","TOT","NATUSD","A","2010",2.198683,
"ARG","PPP","TOT","NATUSD","A","2011",2.664829,
"ARG","PPP","TOT","NATUSD","A","2012",3.200527,
"ARG","PPP","TOT","NATUSD","A","2013",3.903966,
"ARG","PPP","TOT","NATUSD","A","2014",5.380273,
"ARG","PPP","TOT","NATUSD","A","2015",6.629552,
"ARG","PPP","TOT","NATUSD","A","2016",9.216629,
"CRI","PPP","TOT","NATUSD","A","2000",149.901359,
"CRI","PPP","TOT","NATUSD","A","2001",160.864334,
"CRI","PPP","TOT","NATUSD","A","2002",174.055206,
"CRI","PPP","TOT","NATUSD","A","2003",188.950559,
"CRI","PPP","TOT","NATUSD","A","2004",208.620144,
"CRI","PPP","TOT","NATUSD","A","2005",228.600303,
"CRI","PPP","TOT","NATUSD","A","2006",250.701835,
"CRI","PPP","TOT","NATUSD","A","2007",269.93022,
"CRI","PPP","TOT","NATUSD","A","2008",294.963975,
"CRI","PPP","TOT","NATUSD","A","2009",321.50931,
"CRI","PPP","TOT","NATUSD","A","2010",338.500809,
"CRI","PPP","TOT","NATUSD","A","2011",346.738298,
"CRI","PPP","TOT","NATUSD","A","2012",355.297024,
"CRI","PPP","TOT","NATUSD","A","2013",363.682463,
"CRI","PPP","TOT","NATUSD","A","2014",378.067635,
"CRI","PPP","TOT","NATUSD","A","2015",383.980242,
"CRI","PPP","TOT","NATUSD","A","2016",387.703861,
"BGR","PPP","TOT","NATUSD","A","2000",0.536044,
"BGR","PPP","TOT","NATUSD","A","2001",0.555267,
"BGR","PPP","TOT","NATUSD","A","2002",0.558289,
"BGR","PPP","TOT","NATUSD","A","2003",0.560486,
"BGR","PPP","TOT","NATUSD","A","2004",0.580566,
"BGR","PPP","TOT","NATUSD","A","2005",0.596501,
"BGR","PPP","TOT","NATUSD","A","2006",0.618789,
"BGR","PPP","TOT","NATUSD","A","2007",0.657178,
"BGR","PPP","TOT","NATUSD","A","2008",0.677681,
"BGR","PPP","TOT","NATUSD","A","2009",0.693181,
"BGR","PPP","TOT","NATUSD","A","2010",0.67633,
"BGR","PPP","TOT","NATUSD","A","2011",0.701074,
"BGR","PPP","TOT","NATUSD","A","2012",0.692814,
"BGR","PPP","TOT","NATUSD","A","2013",0.680008,
"BGR","PPP","TOT","NATUSD","A","2014",0.661232,
"BGR","PPP","TOT","NATUSD","A","2015",0.681159,
"BGR","PPP","TOT","NATUSD","A","2016",0.686288,
"HRV","PPP","TOT","NATUSD","A","2000",3.787078,
"HRV","PPP","TOT","NATUSD","A","2001",3.869012,
"HRV","PPP","TOT","NATUSD","A","2002",3.879354,
"HRV","PPP","TOT","NATUSD","A","2003",3.988705,
"HRV","PPP","TOT","NATUSD","A","2004",4.010285,
"HRV","PPP","TOT","NATUSD","A","2005",4.093496,
"HRV","PPP","TOT","NATUSD","A","2006",3.917652,
"HRV","PPP","TOT","NATUSD","A","2007",3.869916,
"HRV","PPP","TOT","NATUSD","A","2008",3.87241,
"HRV","PPP","TOT","NATUSD","A","2009",3.842475,
"HRV","PPP","TOT","NATUSD","A","2010",3.870034,
"HRV","PPP","TOT","NATUSD","A","2011",3.752632,
"HRV","PPP","TOT","NATUSD","A","2012",3.664121,
"HRV","PPP","TOT","NATUSD","A","2013",3.575118,
"HRV","PPP","TOT","NATUSD","A","2014",3.54349,
"HRV","PPP","TOT","NATUSD","A","2015",3.548709,
"HRV","PPP","TOT","NATUSD","A","2016",3.530264,
"CYP","PPP","TOT","NATUSD","A","2000",0.717117,
"CYP","PPP","TOT","NATUSD","A","2001",0.71095,
"CYP","PPP","TOT","NATUSD","A","2002",0.710508,
"CYP","PPP","TOT","NATUSD","A","2003",0.737394,
"CYP","PPP","TOT","NATUSD","A","2004",0.734043,
"CYP","PPP","TOT","NATUSD","A","2005",0.722891,
"CYP","PPP","TOT","NATUSD","A","2006",0.710481,
"CYP","PPP","TOT","NATUSD","A","2007",0.695022,
"CYP","PPP","TOT","NATUSD","A","2008",0.693819,
"CYP","PPP","TOT","NATUSD","A","2009",0.682065,
"CYP","PPP","TOT","NATUSD","A","2010",0.69951,
"CYP","PPP","TOT","NATUSD","A","2011",0.698622,
"CYP","PPP","TOT","NATUSD","A","2012",0.706848,
"CYP","PPP","TOT","NATUSD","A","2013",0.687317,
"CYP","PPP","TOT","NATUSD","A","2014",0.679713,
"CYP","PPP","TOT","NATUSD","A","2015",0.663958,
"CYP","PPP","TOT","NATUSD","A","2016",0.650653,
"MLT","PPP","TOT","NATUSD","A","2000",0.580069,
"MLT","PPP","TOT","NATUSD","A","2001",0.588369,
"MLT","PPP","TOT","NATUSD","A","2002",0.581836,
"MLT","PPP","TOT","NATUSD","A","2003",0.574573,
"MLT","PPP","TOT","NATUSD","A","2004",0.566568,
"MLT","PPP","TOT","NATUSD","A","2005",0.57273,
"MLT","PPP","TOT","NATUSD","A","2006",0.572136,
"MLT","PPP","TOT","NATUSD","A","2007",0.568755,
"MLT","PPP","TOT","NATUSD","A","2008",0.571555,
"MLT","PPP","TOT","NATUSD","A","2009",0.569441,
"MLT","PPP","TOT","NATUSD","A","2010",0.571963,
"MLT","PPP","TOT","NATUSD","A","2011",0.574149,
"MLT","PPP","TOT","NATUSD","A","2012",0.579727,
"MLT","PPP","TOT","NATUSD","A","2013",0.577478,
"MLT","PPP","TOT","NATUSD","A","2014",0.586361,
"MLT","PPP","TOT","NATUSD","A","2015",0.598628,
"MLT","PPP","TOT","NATUSD","A","2016",0.599325,
"PER","PPP","TOT","NATUSD","A","2000",1.339492,
"PER","PPP","TOT","NATUSD","A","2001",1.315609,
"PER","PPP","TOT","NATUSD","A","2002",1.297131,
"PER","PPP","TOT","NATUSD","A","2003",1.29471,
"PER","PPP","TOT","NATUSD","A","2004",1.339182,
"PER","PPP","TOT","NATUSD","A","2005",1.342893,
"PER","PPP","TOT","NATUSD","A","2006",1.402617,
"PER","PPP","TOT","NATUSD","A","2007",1.386622,
"PER","PPP","TOT","NATUSD","A","2008",1.374949,
"PER","PPP","TOT","NATUSD","A","2009",1.392747,
"PER","PPP","TOT","NATUSD","A","2010",1.454519,
"PER","PPP","TOT","NATUSD","A","2011",1.52123,
"PER","PPP","TOT","NATUSD","A","2012",1.511678,
"PER","PPP","TOT","NATUSD","A","2013",1.503695,
"PER","PPP","TOT","NATUSD","A","2014",1.515236,
"PER","PPP","TOT","NATUSD","A","2015",1.532658,
"PER","PPP","TOT","NATUSD","A","2016",1.567865,
"ROU","PPP","TOT","NATUSD","A","2000",0.616196,
"ROU","PPP","TOT","NATUSD","A","2001",0.812671,
"ROU","PPP","TOT","NATUSD","A","2002",0.978356,
"ROU","PPP","TOT","NATUSD","A","2003",1.178063,
"ROU","PPP","TOT","NATUSD","A","2004",1.269449,
"ROU","PPP","TOT","NATUSD","A","2005",1.401283,
"ROU","PPP","TOT","NATUSD","A","2006",1.400709,
"ROU","PPP","TOT","NATUSD","A","2007",1.489602,
"ROU","PPP","TOT","NATUSD","A","2008",1.566236,
"ROU","PPP","TOT","NATUSD","A","2009",1.567179,
"ROU","PPP","TOT","NATUSD","A","2010",1.536262,
"ROU","PPP","TOT","NATUSD","A","2011",1.550038,
"ROU","PPP","TOT","NATUSD","A","2012",1.563588,
"ROU","PPP","TOT","NATUSD","A","2013",1.606226,
"ROU","PPP","TOT","NATUSD","A","2014",1.628371,
"ROU","PPP","TOT","NATUSD","A","2015",1.667661,
"ROU","PPP","TOT","NATUSD","A","2016",1.678652,
